Sex,Year,Age group,Mean height,Mean height lower 95% uncertainty interval,Mean height upper 95% uncertainty interval,Mean height standard error
Boys,1985,5,105.6490519,105.1596348,106.172846,0.258115469
Boys,1985,6,111.6353523,111.1906553,112.0782299,0.227526225
Boys,1985,7,117.1894908,116.7784526,117.5956013,0.210784409
Boys,1985,8,122.4381031,122.0544256,122.8256566,0.199455168
Boys,1985,9,127.4997942,127.1315166,127.8855372,0.194521726
Boys,1985,10,132.7080987,132.348384,133.0769871,0.187002286
Boys,1985,11,137.8513967,137.495601,138.2268601,0.186425087
Boys,1985,12,143.6668543,143.3010689,144.0419744,0.191759205
Boys,1985,13,150.399508,150.0130849,150.7887637,0.197734573
Boys,1985,14,156.7003194,156.2964455,157.1092146,0.206760427
Boys,1985,15,161.4480632,161.0307297,161.8567975,0.208374899
Boys,1985,16,164.2988318,163.8607601,164.7396432,0.218638047
Boys,1985,17,166.0332736,165.5774137,166.4934452,0.230721406
Boys,1985,18,167.1201774,166.6286147,167.6044405,0.245360693
Boys,1985,19,168.0335872,167.5101144,168.5473781,0.263851151
Boys,1986,5,105.7089549,105.2188355,106.230249,0.257771695
Boys,1986,6,111.6906906,111.2553551,112.1335593,0.226467242
Boys,1986,7,117.2321211,116.825059,117.6401523,0.208762405
Boys,1986,8,122.4658998,122.0778905,122.8510938,0.196875619
Boys,1986,9,127.5186526,127.1524289,127.897226,0.190496448
Boys,1986,10,132.7328904,132.3822629,133.091282,0.181914793
Boys,1986,11,137.8854045,137.5427371,138.2471206,0.179727145
Boys,1986,12,143.7184985,143.3721728,144.0801588,0.183092555
Boys,1986,13,150.4615566,150.0954945,150.8323428,0.187923629
Boys,1986,14,156.7623189,156.3785206,157.1500584,0.196347955
Boys,1986,15,161.5088041,161.1232622,161.9005357,0.198320336
Boys,1986,16,164.353437,163.9339454,164.7640755,0.207125287
Boys,1986,17,166.0856552,165.6570427,166.5230917,0.216896373
Boys,1986,18,167.1593085,166.7119754,167.6084742,0.227113262
Boys,1986,19,168.0619344,167.5900015,168.5212382,0.236640095
Boys,1987,5,105.769151,105.2760813,106.2894268,0.256751079
Boys,1987,6,111.750492,111.315292,112.1974934,0.225304318
Boys,1987,7,117.287008,116.8884044,117.6912905,0.206834304
Boys,1987,8,122.5080515,122.1266636,122.8893151,0.194085802
Boys,1987,9,127.546407,127.1774867,127.9097097,0.187376729
Boys,1987,10,132.7469113,132.4022916,133.0932506,0.17699179
Boys,1987,11,137.8980576,137.5643627,138.2453585,0.174397368
Boys,1987,12,143.7410066,143.4004249,144.0954254,0.176305275
Boys,1987,13,150.5037844,150.1606326,150.8573118,0.179195938
Boys,1987,14,156.8190871,156.4481749,157.1870364,0.186469991
Boys,1987,15,161.5835416,161.2174461,161.9598269,0.188423967
Boys,1987,16,164.4214483,164.0401385,164.8091019,0.19679357
Boys,1987,17,166.14972,165.7432115,166.5605244,0.204949795
Boys,1987,18,167.222551,166.8048005,167.6428661,0.212967027
Boys,1987,19,168.1111681,167.6843345,168.5399262,0.217812798
Boys,1988,5,105.8269738,105.3353957,106.3446301,0.25553991
Boys,1988,6,111.8116506,111.3838118,112.2585652,0.223396472
Boys,1988,7,117.3477743,116.9533057,117.7481609,0.204812031
Boys,1988,8,122.564185,122.1914335,122.9400704,0.191371525
Boys,1988,9,127.5902892,127.2252759,127.9552902,0.183989009
Boys,1988,10,132.7619849,132.4185086,133.104118,0.173324498
Boys,1988,11,137.9002572,137.5742635,138.2337792,0.169428657
Boys,1988,12,143.7428718,143.4173707,144.0888248,0.170936974
Boys,1988,13,150.5184472,150.1873975,150.8615751,0.172308401
Boys,1988,14,156.8580165,156.5073834,157.2080015,0.177777972
Boys,1988,15,161.6610846,161.3088758,162.0173541,0.178619236
Boys,1988,16,164.501703,164.1467986,164.8647397,0.186543391
Boys,1988,17,166.226043,165.8468984,166.6160724,0.194076189
Boys,1988,18,167.2961625,166.9045736,167.6902759,0.200688619
Boys,1988,19,168.1821141,167.7794657,168.584518,0.203485028
Boys,1989,5,105.883136,105.39765,106.3926044,0.254351712
Boys,1989,6,111.8704583,111.4496271,112.3111529,0.221500633
Boys,1989,7,117.4101944,117.0243514,117.8037132,0.202180968
Boys,1989,8,122.6266432,122.2630066,122.9906532,0.188590453
Boys,1989,9,127.6486414,127.293539,127.9967252,0.180714629
Boys,1989,10,132.7872398,132.4462851,133.126503,0.169743838
Boys,1989,11,137.9073382,137.5839267,138.2349139,0.165635926
Boys,1989,12,143.7387362,143.4249803,144.0744112,0.166050485
Boys,1989,13,150.5170279,150.1978153,150.8528205,0.166964734
Boys,1989,14,156.8740352,156.5446831,157.2111714,0.170859609
Boys,1989,15,161.7237611,161.3941629,162.0571325,0.16941825
Boys,1989,16,164.5819155,164.2453495,164.9292318,0.176376936
Boys,1989,17,166.3126526,165.9635149,166.6857577,0.183355445
Boys,1989,18,167.3800359,167.0195414,167.7581142,0.189436548
Boys,1989,19,168.2601985,167.8870983,168.6397382,0.191083772
Boys,1990,5,105.9462994,105.4718488,106.45602,0.253129828
Boys,1990,6,111.9275363,111.5162161,112.3606496,0.21967006
Boys,1990,7,117.4702851,117.0883102,117.8612603,0.199743754
Boys,1990,8,122.6908472,122.332157,123.0471922,0.18541363
Boys,1990,9,127.7133906,127.3649287,128.0538368,0.17738941
Boys,1990,10,132.8253092,132.4966182,133.1518637,0.166637119
Boys,1990,11,137.9302019,137.6117444,138.2456959,0.16199416
Boys,1990,12,143.7453208,143.4348353,144.0684765,0.162201523
Boys,1990,13,150.5153318,150.2013,150.8407088,0.162005996
Boys,1990,14,156.878705,156.5626943,157.209652,0.1654778
Boys,1990,15,161.7583471,161.4418252,162.0782539,0.161762357
Boys,1990,16,164.6453772,164.3189276,164.9768937,0.167027205
Boys,1990,17,166.3982945,166.0670382,166.7443104,0.172860875
Boys,1990,18,167.4731358,167.1308492,167.8327016,0.178532946
Boys,1990,19,168.3461155,167.9963675,168.7010873,0.179784802
Boys,1991,5,106.0270395,105.5492338,106.5406176,0.251851962
Boys,1991,6,111.9925775,111.5774186,112.4221718,0.217976291
Boys,1991,7,117.5296474,117.1476436,117.9159661,0.197472361
Boys,1991,8,122.7537215,122.3987371,123.106312,0.182493283
Boys,1991,9,127.7810104,127.4386461,128.1198106,0.173841831
Boys,1991,10,132.8726043,132.5491919,133.1941903,0.163663874
Boys,1991,11,137.9709155,137.6601121,138.2859355,0.158979154
Boys,1991,12,143.7724979,143.4664261,144.0873875,0.158516184
Boys,1991,13,150.5285822,150.2171779,150.8410359,0.158153205
Boys,1991,14,156.8862918,156.5756578,157.2030985,0.160340997
Boys,1991,15,161.7693598,161.4698875,162.0781652,0.155540478
Boys,1991,16,164.6801646,164.3729207,164.9979269,0.159238412
Boys,1991,17,166.4674218,166.1531185,166.7946127,0.163354151
Boys,1991,18,167.5655141,167.2401261,167.8952469,0.16813543
Boys,1991,19,168.4400219,168.1131979,168.7739803,0.16898916
Boys,1992,5,106.1252658,105.6524356,106.6334379,0.250870188
Boys,1992,6,112.0764026,111.6617277,112.5123813,0.216289053
Boys,1992,7,117.5981869,117.2224665,117.9786565,0.195575529
Boys,1992,8,122.8170913,122.4678303,123.1670803,0.179961546
Boys,1992,9,127.848437,127.5116148,128.1720626,0.17060647
Boys,1992,10,132.9261284,132.6056674,133.2385277,0.160624342
Boys,1992,11,138.0232623,137.718431,138.3277798,0.156010704
Boys,1992,12,143.8197118,143.5189353,144.1272156,0.155615603
Boys,1992,13,150.5638365,150.2667243,150.8690176,0.154262189
Boys,1992,14,156.9092101,156.6041843,157.2181801,0.156477315
Boys,1992,15,161.7663785,161.4743163,162.0643027,0.149843538
Boys,1992,16,164.6928599,164.3993097,164.9964608,0.152814335
Boys,1992,17,166.5096958,166.2111484,166.8212263,0.155226985
Boys,1992,18,167.6422697,167.3421778,167.9596033,0.158896971
Boys,1992,19,168.5326529,168.2254327,168.8469914,0.158988395
Boys,1993,5,106.2431301,105.7702151,106.7481203,0.249189637
Boys,1993,6,112.1766883,111.7640065,112.6084709,0.215138754
Boys,1993,7,117.6845372,117.3100979,118.0599887,0.193950946
Boys,1993,8,122.8884571,122.5439346,123.2297793,0.178079768
Boys,1993,9,127.9148945,127.5839026,128.233835,0.167997505
Boys,1993,10,132.9823817,132.6657298,133.2836929,0.157868152
Boys,1993,11,138.083105,137.7837284,138.3778551,0.152819273
Boys,1993,12,143.8795117,143.5801283,144.17859,0.152705056
Boys,1993,13,150.6195681,150.3254189,150.9190391,0.151114603
Boys,1993,14,156.9536605,156.6557003,157.2553485,0.152421176
Boys,1993,15,161.7633775,161.4821009,162.0487452,0.145707113
Boys,1993,16,164.694897,164.4131354,164.9884112,0.14695278
Boys,1993,17,166.5320182,166.2484639,166.8301575,0.148519713
Boys,1993,18,167.6929465,167.4041909,167.9973921,0.150841897
Boys,1993,19,168.6088547,168.3166428,168.9060746,0.150244069
Boys,1994,5,106.3742977,105.9039051,106.883754,0.24781347
Boys,1994,6,112.2936269,111.8825174,112.7220212,0.213419423
Boys,1994,7,117.784272,117.4052473,118.1579911,0.193037078
Boys,1994,8,122.9743474,122.6282961,123.3096749,0.176736398
Boys,1994,9,127.9856167,127.6592567,128.300782,0.166203588
Boys,1994,10,133.0407713,132.7310983,133.3390857,0.155493408
Boys,1994,11,138.1450214,137.8480865,138.4356737,0.149900113
Boys,1994,12,143.9457518,143.6533584,144.2412819,0.149408008
Boys,1994,13,150.6862656,150.3996684,150.9767976,0.147948357
Boys,1994,14,157.0163227,156.7258386,157.3099704,0.148981545
Boys,1994,15,161.7725723,161.4979319,162.0540664,0.141622417
Boys,1994,16,164.7023086,164.4279716,164.9858787,0.14268242
Boys,1994,17,166.5470135,166.2776269,166.8323624,0.142462007
Boys,1994,18,167.7248955,167.4473279,168.0076982,0.144177872
Boys,1994,19,168.6597824,168.379121,168.9444104,0.142662066
Boys,1995,5,106.5096201,106.040861,107.0267879,0.246694432
Boys,1995,6,112.4201184,112.0146266,112.8509716,0.212142732
Boys,1995,7,117.8967144,117.5246475,118.2711275,0.191625017
Boys,1995,8,123.0693967,122.7195599,123.4104421,0.17612942
Boys,1995,9,128.0663348,127.7414585,128.3786533,0.165141683
Boys,1995,10,133.1087108,132.8013479,133.4017397,0.153563759
Boys,1995,11,138.2080796,137.9140759,138.4933546,0.147134691
Boys,1995,12,144.0126523,143.7277809,144.3012933,0.146428406
Boys,1995,13,150.757556,150.4751335,151.0428252,0.144339274
Boys,1995,14,157.0876393,156.8027576,157.3751958,0.145588508
Boys,1995,15,161.7989734,161.5256184,162.0753292,0.138167672
Boys,1995,16,164.7264263,164.4572705,165.0053041,0.138667685
Boys,1995,17,166.5697037,166.3067834,166.8454741,0.138101321
Boys,1995,18,167.7507633,167.491498,168.031474,0.138218047
Boys,1995,19,168.6938698,168.4273084,168.9616642,0.136331124
Boys,1996,5,106.6327385,106.1595802,107.1496836,0.246068819
Boys,1996,6,112.5473175,112.1392404,112.9738356,0.211147568
Boys,1996,7,118.0149069,117.6438728,118.3969977,0.190572851
Boys,1996,8,123.1730501,122.8266309,123.5116527,0.175077852
Boys,1996,9,128.1518309,127.8235612,128.4648329,0.164796691
Boys,1996,10,133.1969998,132.8925784,133.4842777,0.15196855
Boys,1996,11,138.2822382,137.9930504,138.561195,0.14479709
Boys,1996,12,144.0820972,143.7978617,144.3612303,0.14339175
Boys,1996,13,150.8305856,150.551609,151.1087692,0.141077443
Boys,1996,14,157.1642894,156.885589,157.4494318,0.14179075
Boys,1996,15,161.8396607,161.5759165,162.1081353,0.135000104
Boys,1996,16,164.7693911,164.5064464,165.0364949,0.135174052
Boys,1996,17,166.6093276,166.3538091,166.875057,0.134053113
Boys,1996,18,167.7846918,167.529004,168.0534549,0.133998985
Boys,1996,19,168.724316,168.4698127,168.9826628,0.130889922
Boys,1997,5,106.741845,106.2753308,107.2549051,0.246218963
Boys,1997,6,112.6602495,112.2467912,113.0888459,0.210735302
Boys,1997,7,118.1314923,117.7602265,118.5086231,0.189728335
Boys,1997,8,123.2798757,122.9380114,123.6192988,0.174188337
Boys,1997,9,128.2431626,127.9164537,128.5552046,0.164103175
Boys,1997,10,133.3048791,133.005339,133.589872,0.150630615
Boys,1997,11,138.3775952,138.0957306,138.6525626,0.142992331
Boys,1997,12,144.1632381,143.8833928,144.4382635,0.140901663
Boys,1997,13,150.9064521,150.6334774,151.1745247,0.137832428
Boys,1997,14,157.2425333,156.9709329,157.5164918,0.138365137
Boys,1997,15,161.8908782,161.6329063,162.1519273,0.131540056
Boys,1997,16,164.8247256,164.5706565,165.0849459,0.13202857
Boys,1997,17,166.6655794,166.4119213,166.9263908,0.130415715
Boys,1997,18,167.8342705,167.5844478,168.093407,0.130174394
Boys,1997,19,168.7640298,168.5182569,169.0182814,0.127186567
Boys,1998,5,106.8288391,106.3600852,107.3369722,0.247709049
Boys,1998,6,112.7585346,112.3493526,113.1894344,0.211101844
Boys,1998,7,118.2328207,117.8639623,118.6098956,0.189417842
Boys,1998,8,123.3840716,123.042267,123.7281141,0.173450381
Boys,1998,9,128.3366205,128.0147451,128.6481324,0.163366267
Boys,1998,10,133.4316233,133.1348628,133.7133431,0.148808214
Boys,1998,11,138.4884481,138.2094368,138.7588652,0.141771641
Boys,1998,12,144.2610796,143.9889544,144.5295809,0.139169521
Boys,1998,13,150.9890864,150.7208042,151.2562611,0.135446321
Boys,1998,14,157.3185205,157.0516023,157.5852246,0.135134932
Boys,1998,15,161.9484438,161.697942,162.2026635,0.128344606
Boys,1998,16,164.8879829,164.6402093,165.1409454,0.128596332
Boys,1998,17,166.7312233,166.485622,166.9846523,0.127088262
Boys,1998,18,167.8985694,167.6519763,168.1545433,0.126760168
Boys,1998,19,168.8197714,168.5819412,169.0684008,0.124363263
Boys,1999,5,106.8899223,106.4107916,107.4088899,0.249890055
Boys,1999,6,112.8364956,112.4200146,113.2706277,0.212632223
Boys,1999,7,118.3210927,117.9528288,118.7009887,0.189713676
Boys,1999,8,123.4744583,123.1307836,123.8140556,0.17309963
Boys,1999,9,128.4291729,128.1057839,128.7461233,0.162701441
Boys,1999,10,133.5674717,133.2767552,133.8452765,0.146802009
Boys,1999,11,138.6110064,138.3360631,138.8788195,0.14038056
Boys,1999,12,144.366907,144.0957092,144.6316874,0.138223951
Boys,1999,13,151.0808201,150.8188538,151.3454126,0.134012014
Boys,1999,14,157.3938666,157.1298391,157.6605848,0.132996134
Boys,1999,15,162.0106913,161.7647764,162.2579667,0.125193894
Boys,1999,16,164.9533684,164.7108007,165.1991893,0.125389475
Boys,1999,17,166.8006104,166.5626854,167.0443901,0.123368995
Boys,1999,18,167.9693123,167.7288314,168.2167729,0.123613454
Boys,1999,19,168.8895717,168.6559833,169.1335477,0.122174734
Boys,2000,5,106.942022,106.4618054,107.4679148,0.252462777
Boys,2000,6,112.8914228,112.4831569,113.3299943,0.214571282
Boys,2000,7,118.391654,118.0212977,118.7741455,0.190945402
Boys,2000,8,123.5544697,123.2141088,123.8972514,0.173193877
Boys,2000,9,128.5106142,128.1855993,128.826748,0.162286744
Boys,2000,10,133.7011219,133.4133662,133.9798474,0.144971208
Boys,2000,11,138.735653,138.4619335,139.001908,0.138815482
Boys,2000,12,144.4773445,144.2077732,144.7391117,0.137205555
Boys,2000,13,151.1736628,150.913198,151.4333397,0.133277792
Boys,2000,14,157.4720807,157.211584,157.7338984,0.131834225
Boys,2000,15,162.0840402,161.8424475,162.3274978,0.122942371
Boys,2000,16,165.0197196,164.7793551,165.2589741,0.122214641
Boys,2000,17,166.8685513,166.6365748,167.1042673,0.119954725
Boys,2000,18,168.0413137,167.8088019,168.2778149,0.120016015
Boys,2000,19,168.9651307,168.7385792,169.2057383,0.120365387
Boys,2001,5,107.0020899,106.5202169,107.5415492,0.255754741
Boys,2001,6,112.9386189,112.5223044,113.3782804,0.216818569
Boys,2001,7,118.4401221,118.0667661,118.8245521,0.192544552
Boys,2001,8,123.6176159,123.2727884,123.9608259,0.17413714
Boys,2001,9,128.5826412,128.2603517,128.8994808,0.162265113
Boys,2001,10,133.8151959,133.5306355,134.096855,0.1435218
Boys,2001,11,138.8523547,138.580526,139.1167551,0.137373838
Boys,2001,12,144.5841382,144.3179126,144.8424528,0.136044142
Boys,2001,13,151.2657625,151.0028405,151.5250505,0.132381111
Boys,2001,14,157.5468124,157.2881908,157.8039831,0.13120866
Boys,2001,15,162.1793383,161.939883,162.4173703,0.121389857
Boys,2001,16,165.0969652,164.8629884,165.3355852,0.119825103
Boys,2001,17,166.9368348,166.7102372,167.1683144,0.116806697
Boys,2001,18,168.1115566,167.8857248,168.3391538,0.116718904
Boys,2001,19,169.0429856,168.8166248,169.2814687,0.118436666
Boys,2002,5,107.1061392,106.6219048,107.6422745,0.25849695
Boys,2002,6,112.9942434,112.5742606,113.436161,0.219993645
Boys,2002,7,118.4813914,118.1042523,118.8619232,0.194392456
Boys,2002,8,123.6589563,123.3113899,124.0073888,0.175502466
Boys,2002,9,128.6379885,128.3162359,128.9553856,0.163008367
Boys,2002,10,133.9086247,133.6259672,134.1823159,0.142614385
Boys,2002,11,138.9470956,138.6760108,139.2107443,0.136366886
Boys,2002,12,144.6809624,144.4189029,144.9432667,0.134974368
Boys,2002,13,151.3527098,151.0938179,151.6054177,0.131454022
Boys,2002,14,157.6200247,157.3623537,157.8748918,0.130374748
Boys,2002,15,162.2954562,162.0576853,162.5301087,0.120370766
Boys,2002,16,165.1951974,164.9599417,165.4305055,0.118183421
Boys,2002,17,167.014989,166.7947556,167.2382943,0.114423947
Boys,2002,18,168.1817582,167.9625066,168.4037432,0.114003821
Boys,2002,19,169.1198642,168.8923666,169.352246,0.116662907
Boys,2003,5,107.265086,106.774294,107.8040568,0.260049667
Boys,2003,6,113.0967194,112.6712074,113.5484221,0.222283832
Boys,2003,7,118.5343077,118.1529774,118.9223165,0.197206658
Boys,2003,8,123.6964338,123.3457845,124.0416181,0.176928605
Boys,2003,9,128.6746901,128.3524174,128.9951329,0.164130964
Boys,2003,10,133.9753099,133.6956259,134.2553828,0.142695945
Boys,2003,11,139.0217803,138.7514458,139.2845149,0.135888718
Boys,2003,12,144.7567687,144.4914499,145.015992,0.134375474
Boys,2003,13,151.4313333,151.1779826,151.6827236,0.130741279
Boys,2003,14,157.6904252,157.4348511,157.9438201,0.129604641
Boys,2003,15,162.4298749,162.1985634,162.661395,0.119331431
Boys,2003,16,165.3084811,165.0778451,165.532898,0.117496474
Boys,2003,17,167.1095504,166.8906649,167.329081,0.11301499
Boys,2003,18,168.2585124,168.0408847,168.4748181,0.112104393
Boys,2003,19,169.1942377,168.965753,169.4192707,0.115414947
Boys,2004,5,107.4741664,106.9853924,108.0216987,0.261141396
Boys,2004,6,113.2572041,112.8302899,113.7136385,0.222924446
Boys,2004,7,118.6376506,118.2442778,119.0387059,0.198857862
Boys,2004,8,123.7495059,123.3979717,124.0933123,0.179331862
Boys,2004,9,128.7116344,128.3831345,129.0283964,0.165118187
Boys,2004,10,134.0145621,133.7343371,134.2929933,0.143521279
Boys,2004,11,139.0744892,138.8039416,139.3383851,0.136210343
Boys,2004,12,144.8178162,144.552202,145.075639,0.134242952
Boys,2004,13,151.4946643,151.2397131,151.7489808,0.13040133
Boys,2004,14,157.7588324,157.5037602,158.0094244,0.129128944
Boys,2004,15,162.5707436,162.3380402,162.7969354,0.118472095
Boys,2004,16,165.4327141,165.2048816,165.661498,0.117036288
Boys,2004,17,167.2135287,166.9939566,167.4357083,0.112924683
Boys,2004,18,168.3472351,168.1301323,168.5629806,0.111466881
Boys,2004,19,169.2704117,169.0409289,169.4910278,0.114792526
Boys,2005,5,107.7255614,107.2405052,108.2754787,0.263042929
Boys,2005,6,113.4702047,113.0507223,113.9261745,0.222957307
Boys,2005,7,118.801821,118.4178898,119.1994812,0.198561671
Boys,2005,8,123.8562406,123.5042514,124.2064096,0.180420482
Boys,2005,9,128.7677583,128.4370506,129.0934967,0.167103103
Boys,2005,10,134.0456656,133.7646952,134.3249587,0.144416835
Boys,2005,11,139.1054151,138.8335675,139.3706051,0.137033446
Boys,2005,12,144.8627111,144.5947789,145.1242295,0.134729275
Boys,2005,13,151.5493846,151.2886804,151.7984281,0.130457199
Boys,2005,14,157.8181075,157.5626794,158.068162,0.128918829
Boys,2005,15,162.7053692,162.4715458,162.9305407,0.117905432
Boys,2005,16,165.5580105,165.3301065,165.7832554,0.116657035
Boys,2005,17,167.3245621,167.1064454,167.5419316,0.112995363
Boys,2005,18,168.4418003,168.2200829,168.6614657,0.112278091
Boys,2005,19,169.3535806,169.1266137,169.581348,0.115451007
Boys,2006,5,107.9864347,107.4978795,108.5424557,0.265523988
Boys,2006,6,113.7272751,113.3061733,114.179768,0.223828982
Boys,2006,7,119.0205072,118.6437204,119.420313,0.197760885
Boys,2006,8,124.0261655,123.6758258,124.3802684,0.179411245
Boys,2006,9,128.8802814,128.5499389,129.2110888,0.167774009
Boys,2006,10,134.0862366,133.7983655,134.3683832,0.146868041
Boys,2006,11,139.1306979,138.8601441,139.3949245,0.137767219
Boys,2006,12,144.8880728,144.6207661,145.1505576,0.135510124
Boys,2006,13,151.5900954,151.3319292,151.8466353,0.131061309
Boys,2006,14,157.8709293,157.61158,158.1174998,0.129111768
Boys,2006,15,162.8159037,162.5835143,163.0387106,0.117599541
Boys,2006,16,165.6742969,165.4434426,165.8994451,0.116244554
Boys,2006,17,167.4348707,167.2099517,167.6581037,0.113129768
Boys,2006,18,168.5412088,168.3175827,168.7653225,0.113000059
Boys,2006,19,169.4382074,169.2052119,169.6724144,0.117330623
Boys,2007,5,108.2375301,107.7441327,108.7970724,0.268779149
Boys,2007,6,113.9945851,113.5673041,114.4543449,0.225766187
Boys,2007,7,119.2840111,118.9014349,119.6812612,0.198035926
Boys,2007,8,124.2515495,123.9032001,124.5995977,0.178214068
Boys,2007,9,129.0572431,128.7304772,129.3873176,0.166433343
Boys,2007,10,134.1716672,133.8786211,134.4612115,0.148360366
Boys,2007,11,139.1657554,138.8892584,139.4333,0.139984466
Boys,2007,12,144.9079935,144.6402143,145.1693985,0.136151395
Boys,2007,13,151.6110779,151.3504788,151.867218,0.131876577
Boys,2007,14,157.9093293,157.6533114,158.1604543,0.129805649
Boys,2007,15,162.9015241,162.6700963,163.1250253,0.117750907
Boys,2007,16,165.7674816,165.5365687,165.9949015,0.116096803
Boys,2007,17,167.5376143,167.3165762,167.7570859,0.11289797
Boys,2007,18,168.6402861,168.4142775,168.8638232,0.113846664
Boys,2007,19,169.5256605,169.2913836,169.7593914,0.118804789
Boys,2008,5,108.4505831,107.9519285,109.021667,0.271634301
Boys,2008,6,114.2518172,113.815862,114.7160112,0.229077365
Boys,2008,7,119.5574734,119.1719311,119.9595245,0.199866372
Boys,2008,8,124.5215206,124.1732616,124.8653033,0.178451536
Boys,2008,9,129.2896168,128.9668045,129.6103644,0.16532236
Boys,2008,10,134.3126307,134.0184466,134.5980466,0.148104029
Boys,2008,11,139.2487419,138.9686553,139.5195957,0.141356938
Boys,2008,12,144.9409696,144.6688009,145.2053894,0.138056023
Boys,2008,13,151.6298374,151.3686233,151.8843965,0.132608602
Boys,2008,14,157.9308064,157.6687901,158.1856885,0.130647575
Boys,2008,15,162.9566401,162.7243336,163.1803577,0.118408282
Boys,2008,16,165.8391427,165.6069027,166.0654972,0.116424513
Boys,2008,17,167.6205904,167.3991502,167.8399925,0.112950581
Boys,2008,18,168.7341262,168.5024978,168.95581,0.114214927
Boys,2008,19,169.6131201,169.3715005,169.8487866,0.120460599
Boys,2009,5,108.6307235,108.1180191,109.2046252,0.274293063
Boys,2009,6,114.4694135,114.0223288,114.9427847,0.232433361
Boys,2009,7,119.8194503,119.4287202,120.2283581,0.203700917
Boys,2009,8,124.8001448,124.4487938,125.152249,0.180688187
Boys,2009,9,129.5653765,129.2415258,129.8937998,0.166039525
Boys,2009,10,134.5038292,134.2115737,134.794471,0.148305194
Boys,2009,11,139.3901857,139.115417,139.6647651,0.141357194
Boys,2009,12,145.0250689,144.7529609,145.2951249,0.139298158
Boys,2009,13,151.6649738,151.4006676,151.9230147,0.134411956
Boys,2009,14,157.9532375,157.6924898,158.2065861,0.131538435
Boys,2009,15,162.98164,162.7482477,163.2140365,0.119334671
Boys,2009,16,165.8872008,165.6555284,166.1168008,0.117208726
Boys,2009,17,167.6883632,167.4644262,167.9086501,0.11347877
Boys,2009,18,168.8131562,168.5820066,169.0396382,0.114987085
Boys,2009,19,169.6990689,169.4538068,169.9374897,0.121853503
Boys,2010,5,108.7866364,108.2690598,109.3736601,0.277487122
Boys,2010,6,114.6523499,114.2050978,115.129411,0.236032202
Boys,2010,7,120.0403302,119.6392694,120.4568283,0.207871469
Boys,2010,8,125.0659927,124.7021319,125.4283636,0.185475578
Boys,2010,9,129.8486138,129.5176875,130.1773393,0.169073988
Boys,2010,10,134.7372208,134.446069,135.0325491,0.150519396
Boys,2010,11,139.5843246,139.310719,139.8579772,0.142081792
Boys,2010,12,145.1703597,144.9003004,145.4465207,0.139628822
Boys,2010,13,151.75417,151.4902524,152.0161581,0.135680106
Boys,2010,14,157.9950382,157.7354344,158.2551064,0.133431943
Boys,2010,15,162.996953,162.7592175,163.2328035,0.120520291
Boys,2010,16,165.9119377,165.67634,166.1464348,0.118327277
Boys,2010,17,167.7384692,167.5111227,167.9586003,0.114514798
Boys,2010,18,168.8821221,168.6517598,169.1073318,0.116215547
Boys,2010,19,169.7746953,169.5293611,170.0153987,0.123887643
Boys,2011,5,108.9249161,108.4047009,109.5198604,0.281582425
Boys,2011,6,114.8106314,114.3473726,115.2913216,0.240599627
Boys,2011,7,120.2263544,119.823171,120.6447183,0.212641208
Boys,2011,8,125.2907733,124.9191871,125.6615142,0.190698517
Boys,2011,9,130.1192369,129.7712058,130.4611572,0.175030329
Boys,2011,10,134.9801091,134.6708582,135.2841176,0.155022709
Boys,2011,11,139.8229694,139.5432765,140.1031252,0.145131488
Boys,2011,12,145.3707816,145.0963065,145.6492613,0.140909044
Boys,2011,13,151.9071524,151.6452509,152.1708524,0.136287278
Boys,2011,14,158.0935751,157.8328838,158.355255,0.134916987
Boys,2011,15,163.0205656,162.7800971,163.2621045,0.123010583
Boys,2011,16,165.9295588,165.6906076,166.1616847,0.119770041
Boys,2011,17,167.7672601,167.5354557,167.994195,0.116068942
Boys,2011,18,168.9352008,168.7000878,169.1624288,0.117995355
Boys,2011,19,169.8422443,169.595015,170.0852742,0.126338739
Boys,2012,5,109.0481975,108.5106739,109.6513553,0.287989931
Boys,2012,6,114.9509202,114.4783509,115.4509052,0.24655076
Boys,2012,7,120.387549,119.9714536,120.8094061,0.21881192
Boys,2012,8,125.4806918,125.1027075,125.8629033,0.196838835
Boys,2012,9,130.3489183,129.9902405,130.7015034,0.181433103
Boys,2012,10,135.2140138,134.894492,135.5287618,0.162508451
Boys,2012,11,140.0729409,139.7775316,140.3668466,0.150763948
Boys,2012,12,145.6174292,145.3360091,145.9029232,0.14484802
Boys,2012,13,152.1170004,151.8499668,152.3869734,0.138050889
Boys,2012,14,158.2576415,157.996451,158.5230874,0.135989205
Boys,2012,15,163.0881814,162.8419225,163.3326751,0.12515346
Boys,2012,16,165.9559512,165.7169858,166.2005673,0.122697384
Boys,2012,17,167.7894564,167.557411,168.0179585,0.118005861
Boys,2012,18,168.9674016,168.7262192,169.1986643,0.120341099
Boys,2012,19,169.8944932,169.6418815,170.1441769,0.129355842
Boys,2013,5,109.166416,108.6021363,109.7901737,0.297580898
Boys,2013,6,115.0744893,114.5915057,115.5853118,0.255086433
Boys,2013,7,120.5291286,120.0900845,120.9734923,0.226769757
Boys,2013,8,125.6441795,125.2504321,126.046195,0.204827781
Boys,2013,9,130.5421225,130.1774073,130.9111369,0.189011098
Boys,2013,10,135.4112964,135.072119,135.741025,0.170177801
Boys,2013,11,140.3147732,139.9999931,140.6200182,0.159549749
Boys,2013,12,145.8761867,145.5757244,146.1735264,0.151591047
Boys,2013,13,152.3736975,152.0938764,152.6518212,0.14293663
Boys,2013,14,158.4790679,158.2046718,158.7474177,0.138413121
Boys,2013,15,163.2116197,162.96411,163.4603027,0.127060129
Boys,2013,16,166.0302822,165.7840763,166.2763361,0.12541899
Boys,2013,17,167.8243303,167.5849767,168.0606897,0.121517896
Boys,2013,18,168.9968119,168.7526375,169.234148,0.123049003
Boys,2013,19,169.9295208,169.6695698,170.1868891,0.132814421
Boys,2014,5,109.2729707,108.6764653,109.916545,0.311892691
Boys,2014,6,115.1913079,114.6725394,115.7228322,0.267439137
Boys,2014,7,120.652239,120.1868077,121.1215604,0.237478184
Boys,2014,8,125.7861916,125.3670639,126.2160409,0.214830776
Boys,2014,9,130.7068407,130.3188766,131.0970042,0.198745465
Boys,2014,10,135.577819,135.2347397,135.9264022,0.178795113
Boys,2014,11,140.5196995,140.1904213,140.8476125,0.168493176
Boys,2014,12,146.126612,145.806128,146.439328,0.161512908
Boys,2014,13,152.6422239,152.3477164,152.9321623,0.150809068
Boys,2014,14,158.7468272,158.4620952,159.0271449,0.144309717
Boys,2014,15,163.3868434,163.1292696,163.6421226,0.13039461
Boys,2014,16,166.1641768,165.9123792,166.4135977,0.128325054
Boys,2014,17,167.9109184,167.6626574,168.1541842,0.125021551
Boys,2014,18,169.0428645,168.7893013,169.2883578,0.127231425
Boys,2014,19,169.9660164,169.6977589,170.2291122,0.136445114
Boys,2015,5,109.3671769,108.7304445,110.0422697,0.332581384
Boys,2015,6,115.2953565,114.7439219,115.8681263,0.284924399
Boys,2015,7,120.7674036,120.2634263,121.264138,0.25236369
Boys,2015,8,125.9083085,125.4630755,126.3597226,0.227636351
Boys,2015,9,130.8484136,130.4337863,131.2655848,0.210540989
Boys,2015,10,135.7226699,135.3522376,136.0982821,0.189404235
Boys,2015,11,140.6931721,140.3479798,141.0385696,0.178277379
Boys,2015,12,146.339555,146.0053121,146.6683718,0.171479791
Boys,2015,13,152.9017484,152.5814189,153.2098564,0.161873509
Boys,2015,14,159.0255176,158.7226578,159.3217531,0.153164515
Boys,2015,15,163.6066482,163.3395385,163.8793072,0.137384838
Boys,2015,16,166.3525947,166.0915046,166.6152539,0.133031617
Boys,2015,17,168.0598087,167.8050256,168.3131545,0.128941259
Boys,2015,18,169.1436502,168.8826283,169.3941635,0.131681985
Boys,2015,19,170.0227913,169.7445959,170.2989095,0.141476964
Boys,2016,5,109.4525152,108.7466743,110.1776742,0.361392836
Boys,2016,6,115.3869931,114.7818682,116.0031891,0.30904592
Boys,2016,7,120.869663,120.3253735,121.4098577,0.272514577
Boys,2016,8,126.022219,125.5430922,126.500754,0.244738567
Boys,2016,9,130.9696169,130.5260317,131.4116528,0.225068641
Boys,2016,10,135.852537,135.4549,136.2541565,0.201907634
Boys,2016,11,140.8453046,140.4759207,141.2212734,0.190033992
Boys,2016,12,146.5214314,146.1734154,146.87356,0.182087642
Boys,2016,13,153.1241281,152.7864864,153.4525352,0.172718137
Boys,2016,14,159.2952934,158.9704742,159.6151821,0.165045084
Boys,2016,15,163.8386351,163.5499223,164.1251165,0.147135071
Boys,2016,16,166.5874971,166.3105294,166.8678496,0.141304153
Boys,2016,17,168.2648971,167.9975465,168.5304733,0.135058231
Boys,2016,18,169.3086751,169.0330223,169.5728046,0.136573711
Boys,2016,19,170.1369984,169.8463382,170.4212556,0.147128224
Boys,2017,5,109.5361309,108.7530805,110.325602,0.397762292
Boys,2017,6,115.4697888,114.7975324,116.1440069,0.34144683
Boys,2017,7,120.9593769,120.3666808,121.5579274,0.299259607
Boys,2017,8,126.1229679,125.5982305,126.6558405,0.267080199
Boys,2017,9,131.0822382,130.6051611,131.5608021,0.243833051
Boys,2017,10,135.9697818,135.5419861,136.3936432,0.216877017
Boys,2017,11,140.9823549,140.5824479,141.3810325,0.203689661
Boys,2017,12,146.6817463,146.306379,147.0599136,0.194507178
Boys,2017,13,153.3150252,152.9570359,153.6681651,0.184051994
Boys,2017,14,159.5272339,159.1801426,159.8600706,0.176453271
Boys,2017,15,164.0643706,163.750546,164.3715788,0.159612215
Boys,2017,16,166.8354417,166.5381037,167.130024,0.152129756
Boys,2017,17,168.5168438,168.2310392,168.8008768,0.144565775
Boys,2017,18,169.5304425,169.2473883,169.8090832,0.143766333
Boys,2017,19,170.3168328,170.0178615,170.6174799,0.153155156
Boys,2018,5,109.6178981,108.7462073,110.4938836,0.443015579
Boys,2018,6,115.550022,114.7939118,116.3009089,0.381379672
Boys,2018,7,121.039152,120.3688583,121.7035238,0.334123148
Boys,2018,8,126.209874,125.6240962,126.8018862,0.295844282
Boys,2018,9,131.1802533,130.6491498,131.7053936,0.267710257
Boys,2018,10,136.0838712,135.6205529,136.5467378,0.235916555
Boys,2018,11,141.1048349,140.6717831,141.5311134,0.219725647
Boys,2018,12,146.8247038,146.4187884,147.2354444,0.208848743
Boys,2018,13,153.4817079,153.1015234,153.8611607,0.196989321
Boys,2018,14,159.7246822,159.3600144,160.0846761,0.188271267
Boys,2018,15,164.2561092,163.9193858,164.5864146,0.171337739
Boys,2018,16,167.0768149,166.751797,167.3986408,0.165215833
Boys,2018,17,168.7811329,168.4718628,169.0884557,0.15660322
Boys,2018,18,169.7984833,169.4906372,170.1034343,0.154138558
Boys,2018,19,170.5536597,170.2380123,170.8665541,0.160959948
Boys,2019,5,109.6968373,108.6992698,110.6744781,0.496534462
Boys,2019,6,115.6272503,114.7664155,116.4718312,0.429927689
Boys,2019,7,121.1149195,120.3670785,121.8662704,0.376357762
Boys,2019,8,126.2851871,125.6228719,126.940584,0.332443939
Boys,2019,9,131.2626232,130.6780584,131.856532,0.297781086
Boys,2019,10,136.1876104,135.6714387,136.7022697,0.259889676
Boys,2019,11,141.2216574,140.7526985,141.6873992,0.239668726
Boys,2019,12,146.9501112,146.5144366,147.3883758,0.225524087
Boys,2019,13,153.627616,153.2185613,154.0397142,0.211831119
Boys,2019,14,159.8941058,159.4975004,160.2787234,0.201555106
Boys,2019,15,164.4194765,164.0612938,164.7744084,0.183202262
Boys,2019,16,167.2824827,166.9289242,167.6279699,0.177384998
Boys,2019,17,169.0369897,168.7036081,169.3749671,0.170473623
Boys,2019,18,170.0772881,169.7507647,170.4084948,0.166843885
Boys,2019,19,170.8359944,170.506073,171.1700101,0.171839002
Girls,1985,5,105.4730619,105.1362739,105.8239614,0.174616702
Girls,1985,6,111.486208,111.1962096,111.7943736,0.152295527
Girls,1985,7,117.0281413,116.7585581,117.3121235,0.139697694
Girls,1985,8,122.3874883,122.1219322,122.6568061,0.134041613
Girls,1985,9,127.8515933,127.5957533,128.1009847,0.12892027
Girls,1985,10,133.9421296,133.6758027,134.2011904,0.132641153
Girls,1985,11,140.1878264,139.9225995,140.4429043,0.130977402
Girls,1985,12,145.7975591,145.5363138,146.056138,0.131973918
Girls,1985,13,149.7934476,149.537391,150.0503688,0.13058987
Girls,1985,14,152.372304,152.1082783,152.6288818,0.131975181
Girls,1985,15,154.1970668,153.9219335,154.471218,0.137951052
Girls,1985,16,155.1251318,154.8462541,155.4052241,0.142223284
Girls,1985,17,155.65265,155.3620319,155.9488153,0.147459672
Girls,1985,18,156.0297902,155.7293731,156.328132,0.151134782
Girls,1985,19,156.5014832,156.1887016,156.8153524,0.159995775
Girls,1986,5,105.5082197,105.1757272,105.8556981,0.173347284
Girls,1986,6,111.5155031,111.2264883,111.8221799,0.150456824
Girls,1986,7,117.0518225,116.7872654,117.3339511,0.137658263
Girls,1986,8,122.4096709,122.150702,122.6762429,0.131913858
Girls,1986,9,127.8743464,127.6198599,128.1216931,0.126349603
Girls,1986,10,133.9582519,133.7015631,134.2087094,0.128085626
Girls,1986,11,140.207415,139.9558278,140.4542514,0.126265146
Girls,1986,12,145.8229025,145.5716533,146.0689541,0.12696888
Girls,1986,13,149.8207187,149.5765101,150.0652704,0.124832916
Girls,1986,14,152.4008384,152.1505607,152.6451511,0.125582884
Girls,1986,15,154.2273573,153.9612408,154.4877963,0.132044836
Girls,1986,16,155.1508141,154.8811427,155.4172369,0.13549117
Girls,1986,17,155.6746474,155.3994361,155.9501492,0.138927895
Girls,1986,18,156.04759,155.7707119,156.3276461,0.139729624
Girls,1986,19,156.5174954,156.2310746,156.7987512,0.145192935
Girls,1987,5,105.5477897,105.2147357,105.893578,0.172222489
Girls,1987,6,111.5505359,111.2671335,111.8518204,0.148915791
Girls,1987,7,117.0821308,116.8229177,117.3603075,0.135715496
Girls,1987,8,122.4356792,122.1794337,122.6983448,0.129865575
Girls,1987,9,127.900397,127.6510644,128.1473828,0.124154177
Girls,1987,10,133.9639709,133.7169354,134.2087411,0.124003878
Girls,1987,11,140.2163674,139.9759709,140.4564633,0.121763033
Girls,1987,12,145.836667,145.594924,146.0780064,0.122385041
Girls,1987,13,149.841944,149.6070877,150.0764232,0.119688013
Girls,1987,14,152.4263839,152.1873036,152.659274,0.119607053
Girls,1987,15,154.2669928,154.0131152,154.5119595,0.126496503
Girls,1987,16,155.1870806,154.9286621,155.4377419,0.129290511
Girls,1987,17,155.7063043,155.4403198,155.9675701,0.132022385
Girls,1987,18,156.0749193,155.8140087,156.3309358,0.130895781
Girls,1987,19,156.539685,156.2813947,156.7980101,0.133667481
Girls,1988,5,105.5905983,105.2606627,105.9331204,0.170984604
Girls,1988,6,111.5904006,111.3124797,111.8885993,0.147405241
Girls,1988,7,117.1185645,116.8609201,117.3907476,0.133938073
Girls,1988,8,122.4685499,122.2142834,122.7306981,0.127879503
Girls,1988,9,127.9301069,127.6840184,128.1722102,0.122019549
Girls,1988,10,133.9656712,133.7294821,134.2063542,0.120445032
Girls,1988,11,140.2169485,139.9844635,140.4487571,0.117953248
Girls,1988,12,145.8422817,145.6099218,146.0727013,0.118209205
Girls,1988,13,149.8547099,149.6290816,150.0769026,0.11521638
Girls,1988,14,152.449142,152.2180863,152.6720382,0.114497014
Girls,1988,15,154.3093973,154.0668061,154.5460757,0.121097187
Girls,1988,16,155.2305363,154.9822434,155.4708551,0.123417082
Girls,1988,17,155.7465154,155.4948407,155.9943101,0.125625874
Girls,1988,18,156.1097792,155.8632122,156.3513075,0.123764296
Girls,1988,19,156.5689752,156.3262209,156.8081339,0.124868109
Girls,1989,5,105.6380896,105.3108526,105.9806036,0.169831489
Girls,1989,6,111.6328968,111.355501,111.9261512,0.145829656
Girls,1989,7,117.15901,116.9030231,117.4258876,0.132220105
Girls,1989,8,122.5064383,122.2586081,122.7646124,0.125952808
Girls,1989,9,127.9652352,127.727365,128.2054238,0.119936547
Girls,1989,10,133.9683085,133.7319472,134.2011494,0.117304595
Girls,1989,11,140.2178279,139.9916047,140.4428177,0.114727008
Girls,1989,12,145.8443289,145.6176972,146.0685987,0.1148633
Girls,1989,13,149.8641781,149.6470808,150.076674,0.111245067
Girls,1989,14,152.4683518,152.2452714,152.6828618,0.110290755
Girls,1989,15,154.3487602,154.112729,154.5740661,0.116023533
Girls,1989,16,155.2738229,155.0351246,155.501299,0.117675652
Girls,1989,17,155.7912098,155.5508481,156.0258576,0.119578866
Girls,1989,18,156.150387,155.9123798,156.3791592,0.117231841
Girls,1989,19,156.6024581,156.3752098,156.8290127,0.117778445
Girls,1990,5,105.6932818,105.3688546,106.0354147,0.168752383
Girls,1990,6,111.6796117,111.4047737,111.9698911,0.144393683
Girls,1990,7,117.20138,116.951015,117.4647681,0.130443445
Girls,1990,8,122.5473495,122.3043756,122.7988741,0.124145592
Girls,1990,9,128.0040725,127.7740178,128.2406229,0.117849815
Girls,1990,10,133.9790459,133.7469883,134.2047102,0.114697939
Girls,1990,11,140.224149,140.0021607,140.4425174,0.111853672
Girls,1990,12,145.851051,145.6308832,146.0706186,0.112009474
Girls,1990,13,149.8742782,149.6603919,150.0862834,0.108112943
Girls,1990,14,152.4878504,152.2760236,152.6930348,0.106528705
Girls,1990,15,154.3770437,154.1486764,154.5933309,0.111228903
Girls,1990,16,155.3124218,155.0829659,155.5287891,0.112346696
Girls,1990,17,155.8342294,155.609431,156.0542656,0.113730537
Girls,1990,18,156.1938352,155.9707475,156.4101208,0.111121026
Girls,1990,19,156.639364,156.4224724,156.8526837,0.111440776
Girls,1991,5,105.7588905,105.4323218,106.0971435,0.167572366
Girls,1991,6,111.734551,111.4604256,112.018773,0.143081091
Girls,1991,7,117.2484199,116.9991211,117.506941,0.128814042
Girls,1991,8,122.5905435,122.3479517,122.8408037,0.122284707
Girls,1991,9,128.0462438,127.8182473,128.2789137,0.115916196
Girls,1991,10,134.0003918,133.7748396,134.2171042,0.112336058
Girls,1991,11,140.2416843,140.0224912,140.4544919,0.109493866
Girls,1991,12,145.8657539,145.6488742,146.081129,0.109363454
Girls,1991,13,149.8909433,149.6845836,150.0980604,0.10535994
Girls,1991,14,152.5092137,152.3054996,152.7084785,0.103509653
Girls,1991,15,154.3935339,154.177111,154.6010692,0.106319839
Girls,1991,16,155.3395639,155.1207896,155.5485713,0.107333183
Girls,1991,17,155.872099,155.6555345,156.0815076,0.108400715
Girls,1991,18,156.2349246,156.0259063,156.4371722,0.105280114
Girls,1991,19,156.677687,156.472661,156.8809565,0.10547521
Girls,1992,5,105.8360778,105.5056176,106.1708519,0.16699186
Girls,1992,6,111.801282,111.5315752,112.0862297,0.141611431
Girls,1992,7,117.304928,117.053887,117.5610722,0.127369244
Girls,1992,8,122.6395301,122.3999804,122.8821029,0.120558955
Girls,1992,9,128.0916603,127.8641004,128.3238432,0.113975892
Girls,1992,10,134.0318311,133.8099239,134.2454188,0.110272577
Girls,1992,11,140.2703515,140.0584252,140.4748918,0.107243928
Girls,1992,12,145.8917328,145.6818112,146.1032582,0.107213909
Girls,1992,13,149.9149398,149.7140781,150.1169922,0.102733875
Girls,1992,14,152.5358056,152.3372226,152.732987,0.100782732
Girls,1992,15,154.3987977,154.1949773,154.5951639,0.101911
Girls,1992,16,155.3566042,155.1488662,155.5560226,0.102391708
Girls,1992,17,155.9000643,155.6931794,156.0994088,0.103513084
Girls,1992,18,156.2718419,156.069778,156.4624108,0.100167256
Girls,1992,19,156.7139942,156.5206263,156.9055492,0.099839203
Girls,1993,5,105.926674,105.5986201,106.2583277,0.166267016
Girls,1993,6,111.8798644,111.6089718,112.1579193,0.140601956
Girls,1993,7,117.3731879,117.1277729,117.6278468,0.125800667
Girls,1993,8,122.6975608,122.4605632,122.9357564,0.119057745
Girls,1993,9,128.1420666,127.9149522,128.3635637,0.112141347
Girls,1993,10,134.0715702,133.855994,134.2803211,0.108316022
Girls,1993,11,140.3086388,140.1001901,140.5100173,0.105306897
Girls,1993,12,145.9279869,145.7230686,146.1335705,0.105083099
Girls,1993,13,149.9489578,149.7496259,150.146781,0.100584296
Girls,1993,14,152.5679317,152.3737508,152.7616782,0.098159127
Girls,1993,15,154.3998841,154.20534,154.5913207,0.097957159
Girls,1993,16,155.3656501,155.1682192,155.5559949,0.098100172
Girls,1993,17,155.9205391,155.722488,156.1113229,0.098991955
Girls,1993,18,156.301172,156.1102369,156.4844675,0.095722443
Girls,1993,19,156.7479801,156.5597946,156.9309205,0.095131574
Girls,1994,5,106.0298121,105.7039247,106.3668272,0.1656955
Girls,1994,6,111.9708781,111.7000444,112.2431787,0.139461844
Girls,1994,7,117.4519706,117.2077135,117.7014004,0.12464006
Girls,1994,8,122.7656418,122.5345638,122.9972394,0.117472269
Girls,1994,9,128.1994174,127.9775122,128.4155171,0.110544207
Girls,1994,10,134.1198992,133.9048906,134.3249213,0.106490076
Girls,1994,11,140.3531953,140.1495205,140.5516718,0.10345773
Girls,1994,12,145.9714436,145.7715262,146.1717834,0.103321699
Girls,1994,13,149.9905303,149.7943294,150.18511,0.098379403
Girls,1994,14,152.6071766,152.418614,152.7975992,0.09595516
Girls,1994,15,154.4027137,154.2133702,154.5873766,0.09438155
Girls,1994,16,155.3750318,155.1866463,155.5592677,0.094354545
Girls,1994,17,155.9368717,155.7465866,156.1209778,0.095227816
Girls,1994,18,156.3263734,156.1436559,156.5029826,0.091882629
Girls,1994,19,156.7780766,156.5987516,156.9543339,0.09129799
Girls,1995,5,106.1454379,105.8235777,106.47961,0.165188064
Girls,1995,6,112.072281,111.8020853,112.3460364,0.138524418
Girls,1995,7,117.5408018,117.3007804,117.7851367,0.123474901
Girls,1995,8,122.8416315,122.6150234,123.0690647,0.116260229
Girls,1995,9,128.2640116,128.0459498,128.474621,0.108907863
Girls,1995,10,134.1786575,133.9686514,134.3817722,0.104957497
Girls,1995,11,140.4044483,140.2041732,140.5976862,0.101706948
Girls,1995,12,146.0189899,145.8208485,146.2174151,0.10165232
Girls,1995,13,150.0369244,149.8494099,150.2286211,0.096590929
Girls,1995,14,152.6514834,152.4678207,152.8346656,0.09364455
Girls,1995,15,154.4151437,154.2337736,154.594211,0.091514049
Girls,1995,16,155.3895567,155.208732,155.56695,0.090975305
Girls,1995,17,155.9562459,155.7734872,156.1348865,0.091974021
Girls,1995,18,156.3501664,156.1710144,156.5228158,0.088795626
Girls,1995,19,156.8073807,156.6317541,156.9796628,0.088257403
Girls,1996,5,106.2718992,105.9505599,106.6046837,0.164692061
Girls,1996,6,112.1833333,111.9138213,112.4557037,0.137745642
Girls,1996,7,117.637021,117.3968496,117.8789154,0.122541077
Girls,1996,8,122.9245626,122.7028721,123.1516183,0.11517712
Girls,1996,9,128.3333552,128.1205709,128.542478,0.107597057
Girls,1996,10,134.2508027,134.0457504,134.452005,0.103476522
Girls,1996,11,140.4666591,140.2694871,140.6608598,0.100190458
Girls,1996,12,146.07364,145.8800783,146.2669508,0.100067023
Girls,1996,13,150.0876719,149.9038631,150.2731958,0.094973558
Girls,1996,14,152.7007782,152.5223085,152.8795629,0.091781136
Girls,1996,15,154.4397472,154.263323,154.6136562,0.088751735
Girls,1996,16,155.4147157,155.2409936,155.5870615,0.088241929
Girls,1996,17,155.9814209,155.8057431,156.1548061,0.08898459
Girls,1996,18,156.3778849,156.2060158,156.5461688,0.086116871
Girls,1996,19,156.8371106,156.6657288,157.0072228,0.086052212
Girls,1997,5,106.4026182,106.0828082,106.7362393,0.164313682
Girls,1997,6,112.3027896,112.0319246,112.5761973,0.137038503
Girls,1997,7,117.7404631,117.4995207,117.9814949,0.1217897
Girls,1997,8,123.0124832,122.7893051,123.2346197,0.114339532
Girls,1997,9,128.4073471,128.1991283,128.6170063,0.106474272
Girls,1997,10,134.3368359,134.1332531,134.5407991,0.102241384
Girls,1997,11,140.542737,140.3485774,140.7367143,0.098740101
Girls,1997,12,146.1395479,145.9486702,146.3309121,0.098635724
Girls,1997,13,150.1456639,149.9638255,150.3297423,0.093428634
Girls,1997,14,152.7543825,152.5781982,152.9296731,0.090199922
Girls,1997,15,154.4756039,154.3076577,154.6431121,0.086531533
Girls,1997,16,155.4503401,155.28205,155.6173568,0.08556842
Girls,1997,17,156.0158486,155.845965,156.1836475,0.08657565
Girls,1997,18,156.4105051,156.2409252,156.5745991,0.083639675
Girls,1997,19,156.8707282,156.7015452,157.0381512,0.084307244
Girls,1998,5,106.5287152,106.2125369,106.8624267,0.164401994
Girls,1998,6,112.4252389,112.1539884,112.6945282,0.136563992
Girls,1998,7,117.8509963,117.6111131,118.0893915,0.121086603
Girls,1998,8,123.1065254,122.884196,123.3309376,0.113695696
Girls,1998,9,128.4854524,128.278437,128.6924981,0.105596645
Girls,1998,10,134.4356757,134.2381815,134.6359586,0.101131962
Girls,1998,11,140.6298611,140.4401866,140.8213135,0.09751894
Girls,1998,12,146.2162579,146.0275148,146.4039563,0.097245739
Girls,1998,13,150.2116921,150.0337234,150.3909907,0.091969355
Girls,1998,14,152.811988,152.6396077,152.9859778,0.088638263
Girls,1998,15,154.520648,154.3552041,154.6868642,0.084746159
Girls,1998,16,155.494991,155.3322079,155.6575105,0.083412877
Girls,1998,17,156.0589281,155.8922363,156.2201847,0.084216577
Girls,1998,18,156.4513033,156.2875263,156.6146907,0.081777963
Girls,1998,19,156.9089589,156.7464494,157.073029,0.082930135
Girls,1999,5,106.6444754,106.323862,106.9769825,0.164904779
Girls,1999,6,112.5436297,112.2772408,112.8138588,0.136537432
Girls,1999,7,117.9651656,117.727756,118.2046724,0.120599246
Girls,1999,8,123.2084394,122.9870033,123.4335147,0.113092447
Girls,1999,9,128.5708767,128.3634263,128.7768644,0.104950109
Girls,1999,10,134.5430009,134.3474047,134.7372606,0.10005188
Girls,1999,11,140.7251853,140.5372096,140.9159083,0.096555512
Girls,1999,12,146.2993163,146.1103294,146.4885436,0.096060101
Girls,1999,13,150.2838579,150.106908,150.4578203,0.090511363
Girls,1999,14,152.8731165,152.7058366,153.0455287,0.0870779
Girls,1999,15,154.5748487,154.4162557,154.7403781,0.083069383
Girls,1999,16,155.5455783,155.3874864,155.7044153,0.081757181
Girls,1999,17,156.1082807,155.9439346,156.2674113,0.082353504
Girls,1999,18,156.4987139,156.338994,156.6583068,0.079927133
Girls,1999,19,156.9541459,156.7911576,157.1165977,0.082313982
Girls,2000,5,106.7496809,106.4252371,107.082075,0.165551066
Girls,2000,6,112.6532036,112.3881215,112.9228148,0.136939074
Girls,2000,7,118.0769407,117.8424804,118.3132473,0.120501345
Girls,2000,8,123.3158565,123.0955371,123.5409368,0.112669293
Girls,2000,9,128.6661981,128.4634717,128.8702213,0.10442504
Girls,2000,10,134.6565925,134.4634805,134.8522518,0.099080166
Girls,2000,11,140.8245241,140.6391701,141.0147641,0.095590282
Girls,2000,12,146.3862376,146.2007232,146.5733407,0.0952857
Girls,2000,13,150.3582658,150.1833661,150.5323837,0.089210456
Girls,2000,14,152.9366202,152.7725785,153.1042829,0.085492916
Girls,2000,15,154.6397663,154.4839345,154.8003453,0.081524309
Girls,2000,16,155.602728,155.4471168,155.761637,0.080281649
Girls,2000,17,156.1613714,156.002012,156.3182109,0.08100316
Girls,2000,18,156.5506792,156.3926626,156.7048833,0.078608008
Girls,2000,19,157.0046891,156.8427606,157.16393,0.081691019
Girls,2001,5,106.8478336,106.5252398,107.1802465,0.166470583
Girls,2001,6,112.7528424,112.4849471,113.0212533,0.137598767
Girls,2001,7,118.180566,117.942145,118.4172555,0.12077364
Girls,2001,8,123.421688,123.2014877,123.641841,0.112605824
Girls,2001,9,128.7679623,128.5641169,128.9685374,0.104102323
Girls,2001,10,134.773776,134.5790863,134.9670247,0.098284949
Girls,2001,11,140.926119,140.7413338,141.1147963,0.094798337
Girls,2001,12,146.4733975,146.2881563,146.660921,0.094518317
Girls,2001,13,150.4330892,150.2584591,150.6063454,0.088410847
Girls,2001,14,152.9993332,152.8334795,153.1620749,0.083997469
Girls,2001,15,154.7184511,154.5641639,154.8753296,0.080190559
Girls,2001,16,155.670804,155.519299,155.8248085,0.079016299
Girls,2001,17,156.2213157,156.0682906,156.3772594,0.079948568
Girls,2001,18,156.606844,156.4517785,156.761911,0.077802563
Girls,2001,19,157.0605807,156.900321,157.2201196,0.081806899
Girls,2002,5,106.946221,106.6201418,107.2819923,0.167415297
Girls,2002,6,112.8454326,112.5787661,113.1187271,0.138660856
Girls,2002,7,118.2743418,118.036305,118.5110636,0.121320773
Girls,2002,8,123.5194743,123.3018888,123.7385957,0.112829497
Girls,2002,9,128.8683126,128.6637085,129.0678979,0.104079308
Girls,2002,10,134.8886877,134.6950031,135.0810399,0.097731674
Girls,2002,11,141.0295498,140.844781,141.2145778,0.094239884
Girls,2002,12,146.561456,146.3794909,146.7453551,0.093973513
Girls,2002,13,150.5071765,150.3357776,150.6795515,0.087677948
Girls,2002,14,153.0618918,152.8973658,153.2239512,0.083073751
Girls,2002,15,154.8112149,154.6576865,154.9665791,0.079111152
Girls,2002,16,155.752553,155.6006997,155.9065116,0.078060707
Girls,2002,17,156.2921367,156.1389956,156.4450882,0.079206946
Girls,2002,18,156.6699571,156.5179848,156.8232004,0.077435534
Girls,2002,19,157.1209576,156.9596511,157.2827799,0.0823498
Girls,2003,5,107.0527838,106.723003,107.3830396,0.168545994
Girls,2003,6,112.9399167,112.6698799,113.2127364,0.139644906
Girls,2003,7,118.3628751,118.122762,118.5988236,0.1222441
Girls,2003,8,123.6093121,123.393145,123.8304254,0.113251703
Girls,2003,9,128.9625519,128.7594116,129.1642087,0.104276684
Girls,2003,10,134.994386,134.8046467,135.1849488,0.097446799
Girls,2003,11,141.1314037,140.9493039,141.3148411,0.093982857
Girls,2003,12,146.6523551,146.4699111,146.833436,0.093673365
Girls,2003,13,150.5836328,150.4133506,150.7533954,0.087195992
Girls,2003,14,153.1255511,152.9640193,153.2868626,0.082327347
Girls,2003,15,154.9161103,154.7617097,155.0720178,0.078800592
Girls,2003,16,155.8448319,155.6954538,155.9958426,0.077293991
Girls,2003,17,156.3734327,156.221101,156.5276678,0.078777303
Girls,2003,18,156.7409774,156.5896663,156.8938473,0.077435053
Girls,2003,19,157.1853508,157.0200058,157.3479386,0.083373064
Girls,2004,5,107.1727302,106.8468816,107.5069737,0.16924812
Girls,2004,6,113.0446768,112.7721785,113.3203831,0.140626121
Girls,2004,7,118.4555827,118.2184653,118.6938885,0.123017487
Girls,2004,8,123.696294,123.4778599,123.9170468,0.113957901
Girls,2004,9,129.0512698,128.8451778,129.2560101,0.104632048
Girls,2004,10,135.0882948,134.8996145,135.2788537,0.097457725
Girls,2004,11,141.2279545,141.0476161,141.412749,0.093904845
Girls,2004,12,146.7458935,146.5608052,146.9263402,0.093695047
Girls,2004,13,150.6673318,150.497422,150.8366995,0.087044417
Girls,2004,14,153.1962808,153.0339451,153.3543918,0.081864479
Girls,2004,15,155.0277718,154.8710505,155.1823177,0.078762395
Girls,2004,16,155.9443356,155.792961,156.0959446,0.077242809
Girls,2004,17,156.4607459,156.3083043,156.6149228,0.078398799
Girls,2004,18,156.8181259,156.6690627,156.9718043,0.07768994
Girls,2004,19,157.2530243,157.0827401,157.4161549,0.084620106
Girls,2005,5,107.3094746,106.9812288,107.6426623,0.169811368
Girls,2005,6,113.1648668,112.8883026,113.4431349,0.141007456
Girls,2005,7,118.560756,118.3225264,118.8023195,0.123749507
Girls,2005,8,123.7897599,123.5692011,124.0146561,0.114516535
Girls,2005,9,129.139496,128.9356344,129.3461474,0.105237644
Girls,2005,10,135.1727165,134.9821698,135.3650172,0.097743152
Girls,2005,11,141.3171021,141.1351039,141.5009557,0.094116244
Girls,2005,12,146.8386994,146.6539487,147.0201023,0.093823877
Girls,2005,13,150.758348,150.5855605,150.9240392,0.087249787
Girls,2005,14,153.2788538,153.1143969,153.4384499,0.08182885
Girls,2005,15,155.143294,154.9874623,155.2992658,0.078898367
Girls,2005,16,156.0465527,155.8936088,156.1987841,0.077388915
Girls,2005,17,156.551548,156.3989324,156.7075395,0.078639873
Girls,2005,18,156.8975413,156.7466035,157.0506125,0.077876136
Girls,2005,19,157.3226202,157.150156,157.4890823,0.085822648
Girls,2006,5,107.4616106,107.1353676,107.7969335,0.17081833
Girls,2006,6,113.3038427,113.0272406,113.5804314,0.141121569
Girls,2006,7,118.6834329,118.4461702,118.9221192,0.123946482
Girls,2006,8,123.8978511,123.6778081,124.1226185,0.115092847
Girls,2006,9,129.2364298,129.0324577,129.4440933,0.105766804
Girls,2006,10,135.2519798,135.0567361,135.4452218,0.098523554
Girls,2006,11,141.3986275,141.2129032,141.5825348,0.094594019
Girls,2006,12,146.925949,146.7400538,147.1061329,0.094230247
Girls,2006,13,150.8505063,150.6807966,151.0178335,0.087565916
Girls,2006,14,153.3705946,153.2073761,153.5267482,0.082163624
Girls,2006,15,155.2598223,155.1031597,155.4121008,0.079273875
Girls,2006,16,156.1497313,155.9981117,156.3027364,0.077605809
Girls,2006,17,156.6423518,156.4863445,156.7999513,0.078969444
Girls,2006,18,156.9776077,156.823669,157.1312935,0.0785482
Girls,2006,19,157.3910871,157.2189124,157.5545224,0.086687013
Girls,2007,5,107.6270783,107.2960743,107.9696608,0.172336862
Girls,2007,6,113.4595939,113.1832599,113.7403156,0.141853585
Girls,2007,7,118.8263921,118.5869891,119.0636478,0.123926753
Girls,2007,8,124.0250005,123.8060795,124.2478945,0.115299144
Girls,2007,9,129.3496019,129.1448796,129.5550886,0.106420447
Girls,2007,10,135.3328262,135.1348109,135.5290915,0.099411358
Girls,2007,11,141.4748585,141.2850175,141.6624601,0.095586126
Girls,2007,12,147.0053984,146.8180048,147.1869898,0.094854299
Girls,2007,13,150.9368442,150.7641238,151.1060737,0.088153851
Girls,2007,14,153.4631997,153.2985912,153.6227211,0.0826605
Girls,2007,15,155.371669,155.2142311,155.5239698,0.0798533
Girls,2007,16,156.2535458,156.1000433,156.4057544,0.077918836
Girls,2007,17,156.7338126,156.57799,156.8879955,0.079302266
Girls,2007,18,157.057109,156.9009655,157.2147189,0.079242493
Girls,2007,19,157.4590677,157.2857296,157.6248685,0.087657976
Girls,2008,5,107.798429,107.4691242,108.1475661,0.174365611
Girls,2008,6,113.6290974,113.3517817,113.9107004,0.143306697
Girls,2008,7,118.9866512,118.7436339,119.2321093,0.124663321
Girls,2008,8,124.1730865,123.9522243,124.3959752,0.115435691
Girls,2008,9,129.482568,129.2764448,129.6913367,0.106780439
Girls,2008,10,135.4229901,135.2234333,135.6206297,0.100571343
Girls,2008,11,141.5544821,141.3624503,141.7439921,0.096651057
Girls,2008,12,147.0813324,146.8946511,147.267254,0.095943369
Girls,2008,13,151.0170808,150.8409948,151.1883565,0.088908545
Girls,2008,14,153.5515383,153.3863491,153.7145668,0.083404784
Girls,2008,15,155.472153,155.3128467,155.6272915,0.080558603
Girls,2008,16,156.3545095,156.2008024,156.5050973,0.078438806
Girls,2008,17,156.8275519,156.6715406,156.9834011,0.079631484
Girls,2008,18,157.1386654,156.9796101,157.2947489,0.07988897
Girls,2008,19,157.5273995,157.3504589,157.6965908,0.088531235
Girls,2009,5,107.9716362,107.6398014,108.3257899,0.176911541
Girls,2009,6,113.8037508,113.5269998,114.0995268,0.145518577
Girls,2009,7,119.1600899,118.9170309,119.4087689,0.126332913
Girls,2009,8,124.3380519,124.1117421,124.5644112,0.116475201
Girls,2009,9,129.6362035,129.4296958,129.8430694,0.10723061
Girls,2009,10,135.5271102,135.3295285,135.7241459,0.101520927
Girls,2009,11,141.64521,141.4510488,141.8347121,0.097958271
Girls,2009,12,147.1624189,146.9742453,147.3521703,0.097114048
Girls,2009,13,151.0954756,150.9170473,151.2735993,0.090031198
Girls,2009,14,153.6353162,153.4673755,153.8028278,0.084282306
Girls,2009,15,155.5592996,155.3979928,155.7174924,0.08132923
Girls,2009,16,156.4489774,156.2938597,156.6024902,0.079266994
Girls,2009,17,156.9229725,156.7673188,157.0779301,0.080254731
Girls,2009,18,157.2265551,157.0697158,157.3860817,0.080514008
Girls,2009,19,157.6016027,157.4247337,157.7720295,0.089318857
Girls,2010,5,108.1451779,107.8056719,108.5063075,0.180235748
Girls,2010,6,113.9791003,113.6992683,114.2806041,0.148652045
Girls,2010,7,119.3377613,119.0914696,119.593079,0.12904672
Girls,2010,8,124.5154508,124.2863354,124.7499099,0.118622886
Girls,2010,9,129.8061102,129.5961624,130.0195362,0.108846043
Girls,2010,10,135.648307,135.4484655,135.8486879,0.102683282
Girls,2010,11,141.7518315,141.5538846,141.9454454,0.099121642
Girls,2010,12,147.2565088,147.0625712,147.4461394,0.098546716
Girls,2010,13,151.1808677,150.9985794,151.3586759,0.091422588
Girls,2010,14,153.7189794,153.5493244,153.888641,0.085437921
Girls,2010,15,155.6360988,155.4752605,155.7983582,0.082233817
Girls,2010,16,156.5350995,156.3773091,156.6905769,0.080208252
Girls,2010,17,157.0165991,156.8567963,157.1746677,0.081332889
Girls,2010,18,157.320527,157.1606889,157.4812033,0.08153654
Girls,2010,19,157.6863104,157.5073395,157.857583,0.090132654
Girls,2011,5,108.3165191,107.9676748,108.6842746,0.18438553
Girls,2011,6,114.1544056,113.8657377,114.4589164,0.152969093
Girls,2011,7,119.5159815,119.2641533,119.7832805,0.132994024
Girls,2011,8,124.697131,124.4635913,124.9381518,0.121977172
Girls,2011,9,129.9886244,129.7724363,130.2123268,0.111761975
Girls,2011,10,135.7854032,135.5780744,135.9902413,0.105120194
Girls,2011,11,141.8779051,141.6776051,142.0746316,0.100711534
Girls,2011,12,147.3687839,147.1698541,147.5633908,0.09995681
Girls,2011,13,151.2814681,151.0983352,151.4592978,0.093243735
Girls,2011,14,153.8117375,153.6383907,153.9819229,0.087142006
Girls,2011,15,155.7070439,155.5424484,155.8711937,0.083487735
Girls,2011,16,156.6126827,156.4544473,156.7716031,0.081402984
Girls,2011,17,157.1035116,156.9453861,157.2642262,0.082535954
Girls,2011,18,157.4142711,157.2545795,157.5801586,0.083035205
Girls,2011,19,157.7787193,157.5975155,157.9522959,0.091432248
Girls,2012,5,108.4837018,108.1253377,108.8605335,0.189829204
Girls,2012,6,114.3271127,114.0273313,114.6433219,0.158334998
Girls,2012,7,119.69396,119.4303116,119.9705078,0.138363131
Girls,2012,8,124.8792907,124.636985,125.1291883,0.126742383
Girls,2012,9,130.1754065,129.9512899,130.4020107,0.115915689
Girls,2012,10,135.9370263,135.7203722,136.1464414,0.108813507
Girls,2012,11,142.0220255,141.8167933,142.2247772,0.103672765
Girls,2012,12,147.5026442,147.298625,147.701478,0.102041739
Girls,2012,13,151.4022905,151.2139739,151.5866328,0.095130086
Girls,2012,14,153.9216156,153.7455228,154.0967831,0.089478669
Girls,2012,15,155.7791426,155.6096022,155.9460076,0.085426019
Girls,2012,16,156.684364,156.5205779,156.8472466,0.083015404
Girls,2012,17,157.1818295,157.0226678,157.346217,0.084066767
Girls,2012,18,157.5012149,157.3402109,157.6669721,0.08467215
Girls,2012,19,157.8709288,157.6873861,158.0521812,0.09314134
Girls,2013,5,108.6481013,108.2751419,109.043886,0.19720248
Girls,2013,6,114.4942208,114.1773276,114.8171535,0.165340491
Girls,2013,7,119.8680325,119.5885694,120.1537426,0.145040142
Girls,2013,8,125.0598952,124.8039401,125.3218732,0.133032119
Girls,2013,9,130.3612652,130.124974,130.5952286,0.121567247
Girls,2013,10,136.0961998,135.8709791,136.3154753,0.113596428
Girls,2013,11,142.181773,141.9699869,142.3936247,0.107872751
Girls,2013,12,147.6556512,147.4454131,147.8619058,0.105474084
Girls,2013,13,151.5457515,151.34909,151.7361797,0.097937193
Girls,2013,14,154.0526273,153.8713326,154.2291767,0.091942392
Girls,2013,15,155.8611063,155.6872725,156.035197,0.088036526
Girls,2013,16,156.7597743,156.5915618,156.9248896,0.085397376
Girls,2013,17,157.2567299,157.0908904,157.4271603,0.086082025
Girls,2013,18,157.5819609,157.4180535,157.7524119,0.086742136
Girls,2013,19,157.9587173,157.7711837,158.145073,0.095134441
Girls,2014,5,108.8080083,108.4096864,109.2256688,0.207222865
Girls,2014,6,114.6572299,114.3168703,114.9983148,0.174476461
Girls,2014,7,120.0351493,119.7365333,120.3339282,0.153564098
Girls,2014,8,125.2351059,124.9675319,125.5080132,0.140779748
Girls,2014,9,130.5438431,130.2912543,130.7953781,0.128802277
Girls,2014,10,136.2593573,136.0224792,136.4918633,0.119737839
Girls,2014,11,142.3491054,142.1233207,142.5728329,0.113242599
Girls,2014,12,147.8243457,147.6073887,148.0422767,0.110117528
Girls,2014,13,151.7083716,151.5021793,151.9053446,0.10211217
Girls,2014,14,154.2061702,154.0190887,154.3914866,0.095500641
Girls,2014,15,155.9586821,155.7780602,156.138922,0.09086984
Girls,2014,16,156.8477387,156.6750818,157.022791,0.088460668
Girls,2014,17,157.3380039,157.1665814,157.5133941,0.088843435
Girls,2014,18,157.6618878,157.491161,157.8369195,0.089259174
Girls,2014,19,158.0429192,157.851596,158.2336748,0.097655677
Girls,2015,5,108.962589,108.5388887,109.3992061,0.220447206
Girls,2015,6,114.8150083,114.4541431,115.1737074,0.18641736
Girls,2015,7,120.1972779,119.8775549,120.516148,0.164307664
Girls,2015,8,125.4022297,125.1114713,125.6976784,0.150449266
Girls,2015,9,130.7196488,130.4516376,130.9877083,0.13749729
Girls,2015,10,136.4251743,136.1724375,136.6710939,0.127336092
Girls,2015,11,142.5198346,142.2819712,142.7548827,0.11994147
Girls,2015,12,148.0000493,147.769328,148.2325184,0.115974388
Girls,2015,13,151.8860076,151.6707306,152.099391,0.107646907
Girls,2015,14,154.3780542,154.1770889,154.5743934,0.100421341
Girls,2015,15,156.0757158,155.888619,156.2620144,0.094869496
Girls,2015,16,156.9537682,156.7754587,157.1335339,0.0918619
Girls,2015,17,157.4342077,157.2562496,157.614037,0.092240601
Girls,2015,18,157.7505432,157.5724943,157.9326407,0.09246314
Girls,2015,19,158.1286919,157.9329968,158.3277573,0.10048922
Girls,2016,5,109.1121794,108.6600516,109.573778,0.237170446
Girls,2016,6,114.9676896,114.5819447,115.3533066,0.201584546
Girls,2016,7,120.3542185,120.0073049,120.6933096,0.177798904
Girls,2016,8,125.5642111,125.2467303,125.8810136,0.162316245
Girls,2016,9,130.8869997,130.5943679,131.1798385,0.148146877
Girls,2016,10,136.5911026,136.3235168,136.8558039,0.136194118
Girls,2016,11,142.6932547,142.4384919,142.9467454,0.128110595
Girls,2016,12,148.1791401,147.9375718,148.4208607,0.123076542
Girls,2016,13,152.0705462,151.8450873,152.2953592,0.114311915
Girls,2016,14,154.5646692,154.3544273,154.7735197,0.106820373
Girls,2016,15,156.2112998,156.0139416,156.4063222,0.100243427
Girls,2016,16,157.0816791,156.8912594,157.2709022,0.096457969
Girls,2016,17,157.5507585,157.3648782,157.7393482,0.096042963
Girls,2016,18,157.8563534,157.6718442,158.0471481,0.096309157
Girls,2016,19,158.2254643,158.0242976,158.428157,0.103968104
Girls,2017,5,109.2587694,108.7686676,109.7636954,0.257507483
Girls,2017,6,115.1154502,114.7014257,115.5370448,0.22028977
Girls,2017,7,120.5058946,120.1372406,120.8772025,0.19442919
Girls,2017,8,125.7206703,125.3819208,126.0624244,0.176793058
Girls,2017,9,131.0487577,130.7321916,131.3585602,0.160908604
Girls,2017,10,136.7549305,136.465265,137.042402,0.146893474
Girls,2017,11,142.8664262,142.5975235,143.1374478,0.137462466
Girls,2017,12,148.3603818,148.1026508,148.6218151,0.13161432
Girls,2017,13,152.2577375,152.0176891,152.4996153,0.122099895
Girls,2017,14,154.7572496,154.5333624,154.9822734,0.114214764
Girls,2017,15,156.3638649,156.156669,156.5740024,0.107035586
Girls,2017,16,157.2297176,157.0276719,157.4277752,0.102403171
Girls,2017,17,157.6906513,157.4937208,157.8879666,0.100981823
Girls,2017,18,157.9839084,157.7925388,158.1793517,0.10052265
Girls,2017,19,158.340893,158.1335804,158.5507259,0.108158623
Girls,2018,5,109.4024424,108.8684713,109.9517391,0.281428583
Girls,2018,6,115.2591318,114.7956756,115.7304636,0.242592782
Girls,2018,7,120.651326,120.2435951,121.0635154,0.214490153
Girls,2018,8,125.8703685,125.5017374,126.2480258,0.194273646
Girls,2018,9,131.2034027,130.8642562,131.5412949,0.176173475
Girls,2018,10,136.9175888,136.6063176,137.2292432,0.159581717
Girls,2018,11,143.0356549,142.7483105,143.3276701,0.148584038
Girls,2018,12,148.5392551,148.2621064,148.814374,0.141274093
Girls,2018,13,152.444679,152.1903171,152.7035693,0.13122823
Girls,2018,14,154.9498566,154.7109781,155.1925632,0.122577959
Girls,2018,15,156.5258967,156.303076,156.7529355,0.114728941
Girls,2018,16,157.3947964,157.1807658,157.610357,0.109552799
Girls,2018,17,157.8506286,157.6432761,158.0579079,0.107157779
Girls,2018,18,158.134824,157.9354504,158.339372,0.105740533
Girls,2018,19,158.4783297,158.2630751,158.6983414,0.112549105
Girls,2019,5,109.5416767,108.9539694,110.1464432,0.308300324
Girls,2019,6,115.39812,114.886171,115.9152476,0.268384265
Girls,2019,7,120.790684,120.3399337,121.2493723,0.238038668
Girls,2019,8,126.0117217,125.6014445,126.4278585,0.215053782
Girls,2019,9,131.3491529,130.9788577,131.723231,0.194284223
Girls,2019,10,137.0768551,136.7378304,137.4170122,0.17471542
Girls,2019,11,143.2015253,142.8926866,143.5165488,0.161655035
Girls,2019,12,148.7116372,148.4158573,149.0090084,0.152607054
Girls,2019,13,152.6264284,152.3489436,152.9033165,0.141405639
Girls,2019,14,155.1391817,154.8844299,155.4012985,0.132137101
Girls,2019,15,156.6930732,156.4516285,156.9371023,0.123194956
Girls,2019,16,157.5679218,157.3388809,157.797172,0.117533637
Girls,2019,17,158.0261948,157.8067164,158.248452,0.11429063
Girls,2019,18,158.3045377,158.0896683,158.5199901,0.112038645
Girls,2019,19,158.6382689,158.410586,158.8652542,0.117713099
